{"cameraMode":{"drawMode":0,"name":"Shaded","section":"Shading Mode"},"sceneLighting":false,"audioPlay":false,"sceneViewState":{"showFog":true,"showMaterialUpdate":false,"showSkybox":true,"showFlares":true,"showImageEffects":true,"showParticleSystems":true},"in2DMode":false,"pivot":{"x":3.971435546875,"y":7.40966796875,"z":0.396484375},"rotation":{"x":-0.4701017439365387,"y":-0.16829052567481996,"z":0.09182772040367127,"w":-0.8615395426750183},"size":7.679354667663574,"orthographic":true}