{"cameraMode":{"drawMode":0,"name":"Shaded","section":"Shading Mode"},"sceneLighting":false,"audioPlay":false,"sceneViewState":{"showFog":true,"showMaterialUpdate":false,"showSkybox":true,"showFlares":true,"showImageEffects":true,"showParticleSystems":true},"in2DMode":false,"pivot":{"x":-0.4762606620788574,"y":-0.19603002071380616,"z":-1.1343257427215577},"rotation":{"x":-0.0849163830280304,"y":0.9102472066879273,"z":-0.23320959508419038,"w":-0.33144012093544009},"size":7.467718124389648,"orthographic":false}