{"cameraMode":{"drawMode":0,"name":"Shaded","section":"Shading Mode"},"sceneLighting":true,"audioPlay":false,"sceneViewState":{"showFog":true,"showMaterialUpdate":false,"showSkybox":true,"showFlares":true,"showImageEffects":true,"showParticleSystems":true},"in2DMode":false,"pivot":{"x":-11.649242401123047,"y":10.968221664428711,"z":7.815847396850586},"rotation":{"x":0.3880671560764313,"y":0.10107912123203278,"z":-0.0428544320166111,"w":0.9150685667991638},"size":198.2469482421875,"orthographic":false}