{"cameraMode":{"drawMode":0,"name":"Shaded","section":"Shading Mode"},"sceneLighting":false,"audioPlay":false,"sceneViewState":{"showFog":true,"showMaterialUpdate":false,"showSkybox":true,"showFlares":true,"showImageEffects":true,"showParticleSystems":true},"in2DMode":false,"pivot":{"x":-0.0014113187789916993,"y":0.01654687523841858,"z":-0.000011056661605834961},"rotation":{"x":-0.1434820145368576,"y":0.8564961552619934,"z":-0.3538801670074463,"w":-0.34726956486701968},"size":0.5474261045455933,"orthographic":false}