{"cameraMode":{"drawMode":0,"name":"Shaded","section":"Shading Mode"},"sceneLighting":false,"audioPlay":false,"sceneViewState":{"showFog":true,"showMaterialUpdate":false,"showSkybox":true,"showFlares":true,"showImageEffects":true,"showParticleSystems":true},"in2DMode":false,"pivot":{"x":-1.9931951761245728,"y":0.19746381044387818,"z":3.310728073120117},"rotation":{"x":0.0005739867337979376,"y":-0.9970800280570984,"z":0.007492374163120985,"w":0.07599326968193054},"size":4.00103759765625,"orthographic":false}