{"cameraMode":{"drawMode":0,"name":"Shaded","section":"Shading Mode"},"sceneLighting":true,"audioPlay":false,"sceneViewState":{"showFog":true,"showMaterialUpdate":false,"showSkybox":true,"showFlares":true,"showImageEffects":true,"showParticleSystems":true},"in2DMode":false,"pivot":{"x":-26.700000762939454,"y":2.0,"z":18.799999237060548},"rotation":{"x":-0.03601935878396034,"y":-0.4563380777835846,"z":0.8888847827911377,"w":-0.01849234662950039},"size":65.04374694824219,"orthographic":true}