{"cameraMode":{"drawMode":0,"name":"Shaded","section":"Shading Mode"},"sceneLighting":false,"audioPlay":false,"sceneViewState":{"showFog":true,"showMaterialUpdate":false,"showSkybox":true,"showFlares":true,"showImageEffects":true,"showParticleSystems":true},"in2DMode":false,"pivot":{"x":0.0000011920928955078126,"y":1.0960900783538819,"z":0.4564422070980072},"rotation":{"x":-0.03938290476799011,"y":0.954174816608429,"z":-0.2586158514022827,"w":-0.14531762897968293},"size":2.042748212814331,"orthographic":false}