{"cameraMode":{"drawMode":0,"name":"Shaded","section":"Shading Mode"},"sceneLighting":false,"audioPlay":false,"sceneViewState":{"showFog":true,"showMaterialUpdate":false,"showSkybox":true,"showFlares":true,"showImageEffects":true,"showParticleSystems":true},"in2DMode":false,"pivot":{"x":0.0018720626831054688,"y":0.89670330286026,"z":-0.015012413263320923},"rotation":{"x":0.005524501670151949,"y":-0.9944744110107422,"z":0.07322568446397782,"w":0.07502168416976929},"size":2.8389291763305666,"orthographic":true}