{"cameraMode":{"drawMode":0,"name":"Shaded","section":"Shading Mode"},"sceneLighting":true,"audioPlay":false,"sceneViewState":{"showFog":true,"showMaterialUpdate":false,"showSkybox":true,"showFlares":true,"showImageEffects":true,"showParticleSystems":true},"in2DMode":false,"pivot":{"x":6.322037696838379,"y":1.1510201692581177,"z":-10.748187065124512},"rotation":{"x":0.5283382534980774,"y":-0.33457180857658389,"z":0.23784507811069489,"w":0.7432026267051697},"size":5.715767860412598,"orthographic":true}