{"cameraMode":{"drawMode":0,"name":"Shaded","section":"Shading Mode"},"sceneLighting":false,"audioPlay":false,"sceneViewState":{"showFog":true,"showMaterialUpdate":false,"showSkybox":true,"showFlares":true,"showImageEffects":true,"showParticleSystems":true},"in2DMode":false,"pivot":{"x":0.0,"y":0.2678251266479492,"z":-0.006945997476577759},"rotation":{"x":0.10521101951599121,"y":0.8723714351654053,"z":-0.21541686356067658,"w":0.4260215759277344},"size":2.5721733570098879,"orthographic":false}