{"cameraMode":{"drawMode":0,"name":"Shaded","section":"Shading Mode"},"sceneLighting":false,"audioPlay":false,"sceneViewState":{"showFog":true,"showMaterialUpdate":false,"showSkybox":true,"showFlares":true,"showImageEffects":true,"showParticleSystems":true},"in2DMode":false,"pivot":{"x":0.035141587257385257,"y":0.6677246689796448,"z":-0.022515535354614259},"rotation":{"x":-0.2823067903518677,"y":0.615122377872467,"z":-0.25091663002967837,"w":-0.6920753717422485},"size":5.05013370513916,"orthographic":false}