{"cameraMode":{"drawMode":0,"name":"Shaded","section":"Shading Mode"},"sceneLighting":false,"audioPlay":false,"sceneViewState":{"showFog":true,"showMaterialUpdate":false,"showSkybox":true,"showFlares":true,"showImageEffects":true,"showParticleSystems":true},"in2DMode":false,"pivot":{"x":0.050778452306985858,"y":-0.40550339221954348,"z":-0.006496600806713104},"rotation":{"x":-0.2823067903518677,"y":0.615122377872467,"z":-0.25091663002967837,"w":-0.6920753717422485},"size":2.057328701019287,"orthographic":false}