{"cameraMode":{"drawMode":0,"name":"Shaded","section":"Shading Mode"},"sceneLighting":false,"audioPlay":false,"sceneViewState":{"showFog":true,"showMaterialUpdate":false,"showSkybox":true,"showFlares":true,"showImageEffects":true,"showParticleSystems":true},"in2DMode":false,"pivot":{"x":3.000000238418579,"y":0.19124984741210938,"z":1.1920928955078126e-7},"rotation":{"x":-0.4981100857257843,"y":0.03899390622973442,"z":-0.022430099546909334,"w":-0.8659461736679077},"size":6.13026762008667,"orthographic":true}