{"cameraMode":{"drawMode":0,"name":"Shaded","section":"Shading Mode"},"sceneLighting":false,"audioPlay":false,"sceneViewState":{"showFog":true,"showMaterialUpdate":false,"showSkybox":true,"showFlares":true,"showImageEffects":true,"showParticleSystems":true},"in2DMode":false,"pivot":{"x":2.9600000381469728,"y":1.8381190299987794,"z":-0.004105925559997559},"rotation":{"x":-0.0008902461850084364,"y":0.9923087358474731,"z":-0.1235780268907547,"w":-0.007148738484829664},"size":3.840258836746216,"orthographic":true}