{"cameraMode":{"drawMode":0,"name":"Shaded","section":"Shading Mode"},"sceneLighting":false,"audioPlay":false,"sceneViewState":{"showFog":true,"showMaterialUpdate":false,"showSkybox":true,"showFlares":true,"showImageEffects":true,"showParticleSystems":true},"in2DMode":false,"pivot":{"x":-0.4762606620788574,"y":-0.19603002071380616,"z":-1.1343257427215577},"rotation":{"x":-0.024423159658908845,"y":0.9498979449272156,"z":-0.30198627710342409,"w":-0.07682297378778458},"size":4.70426082611084,"orthographic":false}