{"cameraMode":{"drawMode":0,"name":"Shaded","section":"Shading Mode"},"sceneLighting":false,"audioPlay":false,"sceneViewState":{"showFog":true,"showMaterialUpdate":false,"showSkybox":true,"showFlares":true,"showImageEffects":true,"showParticleSystems":true},"in2DMode":false,"pivot":{"x":-0.06873194128274918,"y":0.06621969491243363,"z":-1.1920928955078126e-7},"rotation":{"x":-0.2823067903518677,"y":0.615122377872467,"z":-0.25091663002967837,"w":-0.6920753717422485},"size":1.3278522491455079,"orthographic":false}