{"cameraMode":{"drawMode":0,"name":"Shaded","section":"Shading Mode"},"sceneLighting":true,"audioPlay":false,"sceneViewState":{"showFog":true,"showMaterialUpdate":false,"showSkybox":true,"showFlares":true,"showImageEffects":true,"showParticleSystems":true},"in2DMode":false,"pivot":{"x":2.276123046875,"y":2.267578125,"z":-13.072455406188965},"rotation":{"x":0.00044062407687306404,"y":0.680974543094635,"z":0.0004101403756067157,"w":-0.7323068976402283},"size":3.433403491973877,"orthographic":true}