{"cameraMode":{"drawMode":0,"name":"Shaded","section":"Shading Mode"},"sceneLighting":false,"audioPlay":false,"sceneViewState":{"showFog":true,"showMaterialUpdate":false,"showSkybox":true,"showFlares":true,"showImageEffects":true,"showParticleSystems":true},"in2DMode":false,"pivot":{"x":0.6100001335144043,"y":1.8700001239776612,"z":0.0},"rotation":{"x":-0.002329136710613966,"y":0.99757981300354,"z":-0.04192314296960831,"w":-0.05542265996336937},"size":5.563706398010254,"orthographic":true}