{"cameraMode":{"drawMode":0,"name":"Shaded","section":"Shading Mode"},"sceneLighting":false,"audioPlay":false,"sceneViewState":{"showFog":true,"showMaterialUpdate":false,"showSkybox":true,"showFlares":true,"showImageEffects":true,"showParticleSystems":true},"in2DMode":false,"pivot":{"x":0.8099995851516724,"y":1.4727225303649903,"z":-11.757537841796875},"rotation":{"x":0.36052948236465456,"y":0.5126836895942688,"z":-0.2505091726779938,"w":0.737847626209259},"size":7.330126762390137,"orthographic":false}