{"cameraMode":{"drawMode":0,"name":"Shaded","section":"Shading Mode"},"sceneLighting":false,"audioPlay":false,"sceneViewState":{"showFog":true,"showMaterialUpdate":false,"showSkybox":true,"showFlares":true,"showImageEffects":true,"showParticleSystems":true},"in2DMode":false,"pivot":{"x":1.979246735572815,"y":1.623741626739502,"z":-11.463916778564454},"rotation":{"x":0.08333782851696015,"y":0.910544753074646,"z":-0.22572526335716248,"w":0.33617135882377627},"size":5.171492576599121,"orthographic":false}