{"cameraMode":{"drawMode":0,"name":"Shaded","section":"Shading Mode"},"sceneLighting":false,"audioPlay":false,"sceneViewState":{"showFog":true,"showMaterialUpdate":false,"showSkybox":true,"showFlares":true,"showImageEffects":true,"showParticleSystems":true},"in2DMode":false,"pivot":{"x":0.0000017434358596801758,"y":1.9999990463256837,"z":-1.0000001192092896},"rotation":{"x":-0.051995038986206058,"y":0.8082038164138794,"z":-0.07220420241355896,"w":-0.5821423530578613},"size":7.395450115203857,"orthographic":false}