{"cameraMode":{"drawMode":0,"name":"Shaded","section":"Shading Mode"},"sceneLighting":false,"audioPlay":false,"sceneViewState":{"showFog":true,"showMaterialUpdate":false,"showSkybox":true,"showFlares":true,"showImageEffects":true,"showParticleSystems":true},"in2DMode":false,"pivot":{"x":0.6100000143051148,"y":2.369999885559082,"z":0.0},"rotation":{"x":0.0001349564699921757,"y":-0.9989832639694214,"z":0.04498465359210968,"w":0.0029969236347824337},"size":6.49186372756958,"orthographic":true}