{"cameraMode":{"drawMode":0,"name":"Shaded","section":"Shading Mode"},"sceneLighting":false,"audioPlay":false,"sceneViewState":{"showFog":true,"showMaterialUpdate":false,"showSkybox":true,"showFlares":true,"showImageEffects":true,"showParticleSystems":true},"in2DMode":false,"pivot":{"x":0.9684431552886963,"y":0.5988368988037109,"z":0.5995185971260071},"rotation":{"x":0.5283382534980774,"y":-0.33457180857658389,"z":0.23784507811069489,"w":0.7432026267051697},"size":2.4646501541137697,"orthographic":true}