{"cameraMode":{"drawMode":0,"name":"Shaded","section":"Shading Mode"},"sceneLighting":false,"audioPlay":false,"sceneViewState":{"showFog":true,"showMaterialUpdate":false,"showSkybox":true,"showFlares":true,"showImageEffects":true,"showParticleSystems":true},"in2DMode":false,"pivot":{"x":0.5908515453338623,"y":0.5720171928405762,"z":3.8034822940826418},"rotation":{"x":-0.1426478773355484,"y":0.5859664082527161,"z":-0.10572025924921036,"w":-0.790644109249115},"size":3.045234203338623,"orthographic":false}