{"cameraMode":{"drawMode":0,"name":"Shaded","section":"Shading Mode"},"sceneLighting":false,"audioPlay":false,"sceneViewState":{"showFog":true,"showMaterialUpdate":false,"showSkybox":true,"showFlares":true,"showImageEffects":true,"showParticleSystems":true},"in2DMode":false,"pivot":{"x":-2.299999952316284,"y":-0.4284365177154541,"z":11.739999771118164},"rotation":{"x":0.10521101951599121,"y":0.8723714351654053,"z":-0.21541686356067658,"w":0.4260215759277344},"size":10.814445495605469,"orthographic":false}