{"cameraMode":{"drawMode":0,"name":"Shaded","section":"Shading Mode"},"sceneLighting":false,"audioPlay":false,"sceneViewState":{"showFog":true,"showMaterialUpdate":false,"showSkybox":true,"showFlares":true,"showImageEffects":true,"showParticleSystems":true},"in2DMode":false,"pivot":{"x":-1.6585571765899659,"y":5.13873291015625,"z":-1.3200737237930298},"rotation":{"x":0.5020673871040344,"y":0.15815439820289613,"z":-0.0939527302980423,"w":0.845037579536438},"size":4.068780899047852,"orthographic":false}