{"cameraMode":{"drawMode":0,"name":"Shaded","section":"Shading Mode"},"sceneLighting":false,"audioPlay":false,"sceneViewState":{"showFog":true,"showMaterialUpdate":false,"showSkybox":true,"showFlares":true,"showImageEffects":true,"showParticleSystems":true},"in2DMode":false,"pivot":{"x":-12.134791374206543,"y":14.130000114440918,"z":5.241978168487549},"rotation":{"x":-0.1434820145368576,"y":0.8564961552619934,"z":-0.3538801670074463,"w":-0.34726956486701968},"size":4.583334445953369,"orthographic":false}