{"cameraMode":{"drawMode":0,"name":"Shaded","section":"Shading Mode"},"sceneLighting":false,"audioPlay":false,"sceneViewState":{"showFog":true,"showMaterialUpdate":false,"showSkybox":true,"showFlares":true,"showImageEffects":true,"showParticleSystems":true},"in2DMode":false,"pivot":{"x":3.971435546875,"y":7.40966796875,"z":0.396484375},"rotation":{"x":-0.021914975717663766,"y":0.9665864706039429,"z":-0.2396155297756195,"w":-0.08840174973011017},"size":7.679354667663574,"orthographic":true}