{"cameraMode":{"drawMode":0,"name":"Shaded","section":"Shading Mode"},"sceneLighting":false,"audioPlay":false,"sceneViewState":{"showFog":true,"showMaterialUpdate":false,"showSkybox":true,"showFlares":true,"showImageEffects":true,"showParticleSystems":true},"in2DMode":false,"pivot":{"x":0.0,"y":0.19124984741210938,"z":1.1920928955078126e-7},"rotation":{"x":0.10771667957305908,"y":0.8910436034202576,"z":-0.2859172523021698,"w":0.33569297194480898},"size":6.13026762008667,"orthographic":true}