{"cameraMode":{"drawMode":0,"name":"Shaded","section":"Shading Mode"},"sceneLighting":false,"audioPlay":false,"sceneViewState":{"showFog":true,"showMaterialUpdate":false,"showSkybox":true,"showFlares":true,"showImageEffects":true,"showParticleSystems":true},"in2DMode":false,"pivot":{"x":2.9600000381469728,"y":1.8381190299987794,"z":-0.004105925559997559},"rotation":{"x":-0.00010350640513934195,"y":0.999064028263092,"z":-0.002396032214164734,"w":-0.04319010302424431},"size":3.840258836746216,"orthographic":true}