{"cameraMode":{"drawMode":0,"name":"Shaded","section":"Shading Mode"},"sceneLighting":false,"audioPlay":false,"sceneViewState":{"showFog":true,"showMaterialUpdate":false,"showSkybox":true,"showFlares":true,"showImageEffects":true,"showParticleSystems":true},"in2DMode":false,"pivot":{"x":-0.7292375564575195,"y":0.799445629119873,"z":0.027269363403320314},"rotation":{"x":-0.2794482409954071,"y":0.5935179591178894,"z":-0.23082494735717774,"w":-0.7185853719711304},"size":9.339426040649414,"orthographic":false}