{"cameraMode":{"drawMode":0,"name":"Shaded","section":"Shading Mode"},"sceneLighting":false,"audioPlay":false,"sceneViewState":{"showFog":true,"showMaterialUpdate":false,"showSkybox":true,"showFlares":true,"showImageEffects":true,"showParticleSystems":true},"in2DMode":false,"pivot":{"x":0.026836633682250978,"y":2.7237160205841066,"z":0.011637687683105469},"rotation":{"x":0.008252487517893315,"y":0.9780434370040894,"z":-0.2044723927974701,"w":0.03942070156335831},"size":7.029863357543945,"orthographic":false}