{"cameraMode":{"drawMode":0,"name":"Shaded","section":"Shading Mode"},"sceneLighting":false,"audioPlay":false,"sceneViewState":{"showFog":true,"showMaterialUpdate":false,"showSkybox":true,"showFlares":true,"showImageEffects":true,"showParticleSystems":true},"in2DMode":false,"pivot":{"x":-0.14513349533081056,"y":2.048353910446167,"z":-0.008342951536178589},"rotation":{"x":-0.263725608587265,"y":0.06945386528968811,"z":-0.01905304379761219,"w":-0.9619054198265076},"size":10.935887336730957,"orthographic":false}