{"cameraMode":{"drawMode":0,"name":"Shaded","section":"Shading Mode"},"sceneLighting":false,"audioPlay":false,"sceneViewState":{"showFog":true,"showMaterialUpdate":false,"showSkybox":true,"showFlares":true,"showImageEffects":true,"showParticleSystems":true},"in2DMode":false,"pivot":{"x":0.5005155205726624,"y":0.6821497678756714,"z":-0.4455310106277466},"rotation":{"x":0.057274602353572848,"y":0.9360300302505493,"z":-0.2964092493057251,"w":0.18085630238056184},"size":2.868736743927002,"orthographic":false}