{"cameraMode":{"drawMode":0,"name":"Shaded","section":"Shading Mode"},"sceneLighting":false,"audioPlay":false,"sceneViewState":{"showFog":true,"showMaterialUpdate":false,"showSkybox":true,"showFlares":true,"showImageEffects":true,"showParticleSystems":true},"in2DMode":false,"pivot":{"x":3.971435546875,"y":7.40966796875,"z":0.396484375},"rotation":{"x":-0.006938264239579439,"y":0.9924034476280212,"z":-0.1030820682644844,"w":-0.06679404526948929},"size":11.777217864990235,"orthographic":true}