{"cameraMode":{"drawMode":0,"name":"Shaded","section":"Shading Mode"},"sceneLighting":false,"audioPlay":false,"sceneViewState":{"showFog":true,"showMaterialUpdate":false,"showSkybox":true,"showFlares":true,"showImageEffects":true,"showParticleSystems":true},"in2DMode":false,"pivot":{"x":-1.7881393432617188e-7,"y":1.8931485414505005,"z":0.711275577545166},"rotation":{"x":0.10771667957305908,"y":0.8910436034202576,"z":-0.2859172523021698,"w":0.33569297194480898},"size":8.095587730407715,"orthographic":true}