{"cameraMode":{"drawMode":0,"name":"Shaded","section":"Shading Mode"},"sceneLighting":false,"audioPlay":false,"sceneViewState":{"showFog":true,"showMaterialUpdate":false,"showSkybox":true,"showFlares":true,"showImageEffects":true,"showParticleSystems":true},"in2DMode":false,"pivot":{"x":0.39994725584983828,"y":0.8010169267654419,"z":3.7209792137145998},"rotation":{"x":-0.2795616388320923,"y":0.6152043342590332,"z":-0.24772709608078004,"w":-0.6942623853683472},"size":5.566021919250488,"orthographic":false}