{"cameraMode":{"drawMode":0,"name":"Shaded","section":"Shading Mode"},"sceneLighting":false,"audioPlay":false,"sceneViewState":{"showFog":true,"showMaterialUpdate":false,"showSkybox":true,"showFlares":true,"showImageEffects":true,"showParticleSystems":true},"in2DMode":false,"pivot":{"x":-0.08238649368286133,"y":2.0,"z":-1.9176111221313477},"rotation":{"x":-0.051995038986206058,"y":0.8082038164138794,"z":-0.07220420241355896,"w":-0.5821423530578613},"size":11.747572898864746,"orthographic":false}