{"cameraMode":{"drawMode":0,"name":"Shaded","section":"Shading Mode"},"sceneLighting":true,"audioPlay":false,"sceneViewState":{"showFog":true,"showMaterialUpdate":false,"showSkybox":true,"showFlares":true,"showImageEffects":true,"showParticleSystems":true},"in2DMode":false,"pivot":{"x":0.6098811626434326,"y":2.080937623977661,"z":0.0},"rotation":{"x":0.003397736931219697,"y":0.9849656820297241,"z":-0.17161238193511964,"w":0.019501198083162309},"size":7.128555774688721,"orthographic":true}