{"cameraMode":{"drawMode":0,"name":"Shaded","section":"Shading Mode"},"sceneLighting":true,"audioPlay":false,"sceneViewState":{"showFog":true,"showMaterialUpdate":false,"showSkybox":true,"showFlares":true,"showImageEffects":true,"showParticleSystems":true},"in2DMode":false,"pivot":{"x":24.399999618530275,"y":30.399999618530275,"z":12.399999618530274},"rotation":{"x":-0.4981100857257843,"y":0.03899390622973442,"z":-0.022430099546909334,"w":-0.8659461736679077},"size":62.49201202392578,"orthographic":true}