{"cameraMode":{"drawMode":0,"name":"Shaded","section":"Shading Mode"},"sceneLighting":false,"audioPlay":false,"sceneViewState":{"showFog":true,"showMaterialUpdate":false,"showSkybox":true,"showFlares":true,"showImageEffects":true,"showParticleSystems":true},"in2DMode":false,"pivot":{"x":3.58797025680542,"y":1.861771583557129,"z":-11.131174087524414},"rotation":{"x":0.16234295070171357,"y":-0.07184257358312607,"z":0.011852712370455265,"w":0.9840441942214966},"size":7.915966510772705,"orthographic":false}