{"cameraMode":{"drawMode":0,"name":"Shaded","section":"Shading Mode"},"sceneLighting":false,"audioPlay":false,"sceneViewState":{"showFog":true,"showMaterialUpdate":false,"showSkybox":true,"showFlares":true,"showImageEffects":true,"showParticleSystems":true},"in2DMode":false,"pivot":{"x":0.0000011920928955078126,"y":1.0960900783538819,"z":0.4564422070980072},"rotation":{"x":0.0682782381772995,"y":0.915242612361908,"z":-0.3562280535697937,"w":0.17541582882404328},"size":2.6427481174468996,"orthographic":false}