{"cameraMode":{"drawMode":0,"name":"Shaded","section":"Shading Mode"},"sceneLighting":false,"audioPlay":false,"sceneViewState":{"showFog":true,"showMaterialUpdate":false,"showSkybox":true,"showFlares":true,"showImageEffects":true,"showParticleSystems":true},"in2DMode":false,"pivot":{"x":0.035141587257385257,"y":0.6677246689796448,"z":-0.022515535354614259},"rotation":{"x":-0.1434820145368576,"y":0.8564961552619934,"z":-0.3538801670074463,"w":-0.34726956486701968},"size":5.05013370513916,"orthographic":false}