{"cameraMode":{"drawMode":0,"name":"Shaded","section":"Shading Mode"},"sceneLighting":false,"audioPlay":false,"sceneViewState":{"showFog":true,"showMaterialUpdate":false,"showSkybox":true,"showFlares":true,"showImageEffects":true,"showParticleSystems":true},"in2DMode":false,"pivot":{"x":0.04339304566383362,"y":-0.014328505843877793,"z":-0.0667290985584259},"rotation":{"x":-0.4981100857257843,"y":0.03899390622973442,"z":-0.022430099546909334,"w":-0.8659461736679077},"size":1.0159752368927003,"orthographic":true}