{"cameraMode":{"drawMode":0,"name":"Shaded","section":"Shading Mode"},"sceneLighting":false,"audioPlay":false,"sceneViewState":{"showFog":true,"showMaterialUpdate":false,"showSkybox":true,"showFlares":true,"showImageEffects":true,"showParticleSystems":true},"in2DMode":false,"pivot":{"x":1.0168019533157349,"y":1.6194405555725098,"z":1.6009297370910645},"rotation":{"x":-0.18316303193569184,"y":-0.05641460046172142,"z":0.010529744438827038,"w":-0.9814060926437378},"size":8.506209373474121,"orthographic":false}