{"cameraMode":{"drawMode":0,"name":"Shaded","section":"Shading Mode"},"sceneLighting":false,"audioPlay":false,"sceneViewState":{"showFog":true,"showMaterialUpdate":false,"showSkybox":true,"showFlares":true,"showImageEffects":true,"showParticleSystems":true},"in2DMode":false,"pivot":{"x":-0.0926559567451477,"y":0.7579234838485718,"z":0.3782268464565277},"rotation":{"x":0.0005739867337979376,"y":-0.9970800280570984,"z":0.007492374163120985,"w":0.07599326968193054},"size":3.276097059249878,"orthographic":false}