{"cameraMode":{"drawMode":0,"name":"Shaded","section":"Shading Mode"},"sceneLighting":true,"audioPlay":false,"sceneViewState":{"showFog":true,"showMaterialUpdate":false,"showSkybox":true,"showFlares":true,"showImageEffects":true,"showParticleSystems":true},"in2DMode":false,"pivot":{"x":11.87710189819336,"y":6.148040771484375,"z":2.143360137939453},"rotation":{"x":0.008952642790973187,"y":0.7393501400947571,"z":-0.673190176486969,"w":0.009816322475671769},"size":201.57083129882813,"orthographic":false}