{"cameraMode":{"drawMode":0,"name":"Shaded","section":"Shading Mode"},"sceneLighting":true,"audioPlay":false,"sceneViewState":{"showFog":true,"showMaterialUpdate":false,"showSkybox":true,"showFlares":true,"showImageEffects":true,"showParticleSystems":true},"in2DMode":false,"pivot":{"x":22.81317901611328,"y":51.63455581665039,"z":63.60313034057617},"rotation":{"x":0.003752109594643116,"y":-0.9010396599769592,"z":0.43365049362182619,"w":0.007791212759912014},"size":54.46739196777344,"orthographic":false}