{"cameraMode":{"drawMode":0,"name":"Shaded","section":"Shading Mode"},"sceneLighting":false,"audioPlay":false,"sceneViewState":{"showFog":true,"showMaterialUpdate":false,"showSkybox":true,"showFlares":true,"showImageEffects":true,"showParticleSystems":true},"in2DMode":false,"pivot":{"x":-3.0001187324523927,"y":2.0336077213287355,"z":0.06997466087341309},"rotation":{"x":0.10771667957305908,"y":0.8910436034202576,"z":-0.2859172523021698,"w":0.33569297194480898},"size":6.801748752593994,"orthographic":true}