{"cameraMode":{"drawMode":0,"name":"Shaded","section":"Shading Mode"},"sceneLighting":false,"audioPlay":false,"sceneViewState":{"showFog":true,"showMaterialUpdate":false,"showSkybox":true,"showFlares":true,"showImageEffects":true,"showParticleSystems":true},"in2DMode":false,"pivot":{"x":2.120001792907715,"y":1.8941351175308228,"z":-15.315337181091309},"rotation":{"x":-0.023639798164367677,"y":-0.916519284248352,"z":0.3955150544643402,"w":-0.054785117506980899},"size":11.267858505249024,"orthographic":true}