{"cameraMode":{"drawMode":0,"name":"Shaded","section":"Shading Mode"},"sceneLighting":false,"audioPlay":false,"sceneViewState":{"showFog":true,"showMaterialUpdate":false,"showSkybox":true,"showFlares":true,"showImageEffects":true,"showParticleSystems":true},"in2DMode":false,"pivot":{"x":-0.2235107421875,"y":0.1767578125,"z":-0.378662109375},"rotation":{"x":0.7776581645011902,"y":0.006600021850317717,"z":-0.008166144602000714,"w":0.6285996437072754},"size":1.9684900045394898,"orthographic":true}