{"cameraMode":{"drawMode":0,"name":"Shaded","section":"Shading Mode"},"sceneLighting":false,"audioPlay":false,"sceneViewState":{"showFog":true,"showMaterialUpdate":false,"showSkybox":true,"showFlares":true,"showImageEffects":true,"showParticleSystems":true},"in2DMode":false,"pivot":{"x":-0.0000095367431640625,"y":0.02060825750231743,"z":-0.00001765042543411255},"rotation":{"x":0.10521101951599121,"y":0.8723714351654053,"z":-0.21541686356067658,"w":0.4260215759277344},"size":0.2712361216545105,"orthographic":false}