{"cameraMode":{"drawMode":0,"name":"Shaded","section":"Shading Mode"},"sceneLighting":false,"audioPlay":false,"sceneViewState":{"showFog":true,"showMaterialUpdate":false,"showSkybox":true,"showFlares":true,"showImageEffects":true,"showParticleSystems":true},"in2DMode":false,"pivot":{"x":-0.2235107421875,"y":0.1767578125,"z":-0.378662109375},"rotation":{"x":-0.1270655393600464,"y":0.8721030950546265,"z":-0.3539033532142639,"w":-0.31311821937561037},"size":1.9684900045394898,"orthographic":true}