{"cameraMode":{"drawMode":0,"name":"Shaded","section":"Shading Mode"},"sceneLighting":true,"audioPlay":false,"sceneViewState":{"showFog":true,"showMaterialUpdate":false,"showSkybox":true,"showFlares":true,"showImageEffects":true,"showParticleSystems":true},"in2DMode":false,"pivot":{"x":2.120001792907715,"y":1.8941351175308228,"z":-15.315337181091309},"rotation":{"x":0.5283382534980774,"y":-0.33457180857658389,"z":0.23784507811069489,"w":0.7432026267051697},"size":11.267858505249024,"orthographic":true}