{"cameraMode":{"drawMode":0,"name":"Shaded","section":"Shading Mode"},"sceneLighting":false,"audioPlay":false,"sceneViewState":{"showFog":true,"showMaterialUpdate":false,"showSkybox":true,"showFlares":true,"showImageEffects":true,"showParticleSystems":true},"in2DMode":false,"pivot":{"x":8.344650268554688e-7,"y":1.9999995231628419,"z":-0.7917578220367432},"rotation":{"x":-0.051995038986206058,"y":0.8082038164138794,"z":-0.07220420241355896,"w":-0.5821423530578613},"size":9.69261646270752,"orthographic":false}