{"cameraMode":{"drawMode":0,"name":"Shaded","section":"Shading Mode"},"sceneLighting":false,"audioPlay":false,"sceneViewState":{"showFog":true,"showMaterialUpdate":false,"showSkybox":true,"showFlares":true,"showImageEffects":true,"showParticleSystems":true},"in2DMode":false,"pivot":{"x":0.6100001335144043,"y":1.8700001239776612,"z":0.0},"rotation":{"x":-0.037519775331020358,"y":0.9154837727546692,"z":-0.3908429443836212,"w":-0.0878836140036583},"size":5.563706398010254,"orthographic":true}