{"cameraMode":{"drawMode":0,"name":"Shaded","section":"Shading Mode"},"sceneLighting":false,"audioPlay":false,"sceneViewState":{"showFog":true,"showMaterialUpdate":false,"showSkybox":true,"showFlares":true,"showImageEffects":true,"showParticleSystems":true},"in2DMode":false,"pivot":{"x":0.44787871837615969,"y":7.0716471672058109,"z":-10.813352584838868},"rotation":{"x":-0.1604885458946228,"y":0.14217832684516908,"z":-0.023371804505586625,"w":-0.9764643311500549},"size":5.05013370513916,"orthographic":false}