{"cameraMode":{"drawMode":0,"name":"Shaded","section":"Shading Mode"},"sceneLighting":false,"audioPlay":false,"sceneViewState":{"showFog":true,"showMaterialUpdate":false,"showSkybox":true,"showFlares":true,"showImageEffects":true,"showParticleSystems":true},"in2DMode":false,"pivot":{"x":0.035141587257385257,"y":0.6677246689796448,"z":-0.022515535354614259},"rotation":{"x":0.005756014958024025,"y":0.9566437005996704,"z":-0.2905876636505127,"w":0.018936503678560258},"size":5.05013370513916,"orthographic":false}